ID,gender,parental level of education,test preparation course,math score,reading score,writing score
8587,female,bachelor's degree,none,72,72,74
9097,female,some college,completed,69,90,88
3151,female,master's degree,none,90,95,93
4533,male,associate's degree,none,47,57,44
8455,male,some college,none,76,78,75
7009,female,associate's degree,none,71,83,78
3675,female,some college,completed,88,95,92
6694,male,some college,none,40,43,39
9616,male,high school,completed,64,64,67
7906,female,high school,none,38,60,50
4611,male,associate's degree,none,58,54,52
7129,male,associate's degree,none,40,52,43
8216,female,high school,none,65,81,73
2936,male,some college,completed,78,72,70
2051,female,master's degree,none,50,53,58
8139,female,some high school,none,69,75,78
4531,male,high school,none,88,89,86
6643,female,some high school,none,18,32,28
4884,male,master's degree,completed,46,42,46
2812,female,associate's degree,none,54,58,61
3902,male,high school,none,66,69,63
5081,female,some college,completed,65,75,70
2282,male,some college,none,44,54,53
9966,female,some high school,none,69,73,73
1334,male,bachelor's degree,completed,74,71,80
2555,male,master's degree,none,73,74,72
5990,male,some college,none,69,54,55
6903,female,bachelor's degree,none,67,69,75
1763,male,high school,none,70,70,65
7310,female,master's degree,none,62,70,75
1486,female,some college,none,69,74,74
7021,female,some college,none,63,65,61
6251,female,master's degree,none,56,72,65
9090,male,some college,none,40,42,38
8323,male,some college,none,97,87,82
8948,male,associate's degree,completed,81,81,79
1444,female,associate's degree,none,74,81,83
2737,female,some high school,none,50,64,59
8078,female,associate's degree,completed,75,90,88
8694,male,associate's degree,none,57,56,57
9080,male,associate's degree,none,55,61,54
4637,female,associate's degree,none,58,73,68
4055,female,associate's degree,none,53,58,65
7359,male,some college,completed,59,65,66
7900,female,associate's degree,none,50,56,54
5394,male,associate's degree,none,65,54,57
1511,female,associate's degree,completed,55,65,62
2580,female,high school,none,66,71,76
9587,female,associate's degree,completed,57,74,76
4959,male,high school,completed,82,84,82
1998,male,some college,none,53,55,48
9051,male,associate's degree,completed,77,69,68
9400,male,some college,none,53,44,42
9231,male,high school,none,88,78,75
4926,female,some high school,completed,71,84,87
7126,female,high school,none,33,41,43
4610,female,associate's degree,completed,82,85,86
1511,male,associate's degree,none,52,55,49
6611,male,some college,completed,58,59,58
1826,female,some high school,none,0,17,10
4494,male,bachelor's degree,completed,79,74,72
5702,male,some high school,none,39,39,34
7667,male,associate's degree,none,62,61,55
4667,female,associate's degree,none,69,80,71
6313,female,some high school,none,59,58,59
3071,male,some high school,none,67,64,61
9594,male,some high school,none,45,37,37
2197,female,some college,none,60,72,74
2365,male,associate's degree,none,61,58,56
1037,female,associate's degree,none,39,64,57
4946,female,some college,completed,58,63,73
3869,male,some college,completed,63,55,63
6717,female,associate's degree,none,41,51,48
4987,male,some high school,none,61,57,56
8696,male,some high school,none,49,49,41
4334,male,associate's degree,none,44,41,38
1724,male,some high school,none,30,26,22
9913,male,bachelor's degree,completed,80,78,81
3112,female,some high school,completed,61,74,72
9941,female,master's degree,none,62,68,68
7954,female,associate's degree,none,47,49,50
6069,male,high school,none,49,45,45
8817,male,some college,completed,50,47,54
8763,male,associate's degree,none,72,64,63
6088,male,high school,none,42,39,34
6136,female,some college,none,73,80,82
5958,female,some college,none,76,83,88
4760,female,associate's degree,none,71,71,74
9234,female,some college,none,58,70,67
2799,female,some high school,none,73,86,82
3573,female,bachelor's degree,none,65,72,74
5413,male,high school,none,27,34,36
5267,male,high school,none,71,79,71
3136,male,associate's degree,completed,43,45,50
4026,female,some college,none,79,86,92
8406,male,associate's degree,completed,78,81,82
7171,male,some high school,completed,65,66,62
2431,female,some college,completed,63,72,70
5355,female,some college,none,58,67,62
7830,female,bachelor's degree,none,65,67,62
9671,male,some college,none,79,67,67
1831,male,bachelor's degree,completed,68,74,74
2115,female,associate's degree,none,85,91,89
7268,male,high school,completed,60,44,47
3189,male,some college,completed,98,86,90
6348,female,some college,none,58,67,72
3869,female,master's degree,none,87,100,100
6079,male,associate's degree,completed,66,63,64
1164,female,associate's degree,none,52,76,70
1462,female,some high school,none,70,64,72
2609,female,associate's degree,completed,77,89,98
6819,male,high school,none,62,55,49
9745,male,associate's degree,none,54,53,47
1346,female,some college,none,51,58,54
1338,female,bachelor's degree,completed,99,100,100
6214,male,high school,none,84,77,74
2437,female,bachelor's degree,none,75,85,82
7124,female,bachelor's degree,none,78,82,79
4071,female,some high school,none,51,63,61
7907,female,some college,none,55,69,65
3842,female,bachelor's degree,completed,79,92,89
4536,male,associate's degree,completed,91,89,92
8773,female,some college,completed,88,93,93
4453,male,high school,none,63,57,56
8945,male,some college,none,83,80,73
3687,female,high school,none,87,95,86
8070,male,some high school,none,72,68,67
8986,male,some college,completed,65,77,74
7326,male,master's degree,none,82,82,74
5251,female,bachelor's degree,none,51,49,51
8343,male,master's degree,none,89,84,82
8842,male,some high school,completed,53,37,40
5615,male,some college,completed,87,74,70
9536,female,some college,completed,75,81,84
8674,male,bachelor's degree,completed,74,79,75
9786,male,bachelor's degree,none,58,55,48
6105,male,some high school,completed,51,54,41
7695,male,high school,none,70,55,56
4195,female,associate's degree,none,59,66,67
7926,male,some college,completed,71,61,69
8419,female,some high school,none,76,72,71
6748,female,some college,none,59,62,64
2841,female,some college,completed,42,55,54
8989,male,high school,none,57,43,47
6852,male,some college,none,88,73,78
7798,female,some college,none,22,39,33
5202,male,some high school,none,88,84,75
1989,male,associate's degree,none,73,68,66
2819,female,bachelor's degree,completed,68,75,81
4794,male,associate's degree,completed,100,100,93
2503,male,some high school,completed,62,67,69
9172,male,bachelor's degree,none,77,67,68
1560,female,associate's degree,completed,59,70,66
3311,male,bachelor's degree,none,54,49,47
9332,male,some high school,none,62,67,61
7668,female,some college,completed,70,89,88
9954,female,high school,completed,66,74,78
6164,male,some college,none,60,60,60
7604,female,associate's degree,completed,61,86,87
8345,male,associate's degree,none,66,62,64
1557,male,associate's degree,completed,82,78,74
7445,female,some college,completed,75,88,85
8059,male,master's degree,none,49,53,52
7911,male,high school,none,52,53,49
6887,female,master's degree,none,81,92,91
8883,female,bachelor's degree,completed,96,100,100
7150,male,high school,completed,53,51,51
7573,female,master's degree,completed,58,76,78
4399,female,high school,completed,68,83,78
4789,female,some college,completed,67,75,70
8676,male,high school,completed,72,73,74
5968,male,some high school,none,94,88,78
9934,female,some college,none,79,86,81
5901,female,associate's degree,none,63,67,70
3901,female,bachelor's degree,completed,43,51,54
8954,female,master's degree,completed,81,91,87
7213,female,high school,completed,46,54,58
7576,female,associate's degree,completed,71,77,77
4145,female,master's degree,completed,52,70,62
6061,female,some high school,completed,97,100,100
7132,male,master's degree,completed,62,68,75
6958,female,some college,none,46,64,66
1780,female,high school,none,50,50,47
5625,female,associate's degree,none,65,69,70
1389,male,some high school,completed,45,52,49
3054,male,associate's degree,completed,65,67,65
7721,male,high school,none,80,76,65
5928,male,some high school,completed,62,66,68
3566,male,some high school,none,48,52,45
6730,female,bachelor's degree,none,77,88,87
6093,female,associate's degree,none,66,65,69
3532,male,some college,completed,76,83,79
9708,female,some high school,none,62,64,66
8712,male,some college,completed,77,62,62
5019,female,master's degree,completed,69,84,85
3510,male,associate's degree,none,61,55,52
4007,male,some high school,completed,59,69,65
6760,male,high school,none,55,56,51
8652,female,some college,none,45,53,55
4008,female,bachelor's degree,none,78,79,76
9095,female,associate's degree,completed,67,84,86
6564,female,some college,none,65,81,77
2235,male,associate's degree,none,69,77,69
8983,female,associate's degree,none,57,69,68
4468,male,some college,none,59,41,42
8095,male,some high school,completed,74,71,78
8331,male,bachelor's degree,none,82,62,62
5078,male,high school,completed,81,80,76
8662,female,some college,none,74,81,76
3069,female,some college,none,58,61,66
3460,male,some high school,completed,80,79,79
3517,male,some college,none,35,28,27
6422,female,high school,none,42,62,60
7646,male,associate's degree,completed,60,51,56
7362,male,high school,completed,87,91,81
5897,male,some high school,completed,84,83,75
2967,female,associate's degree,completed,83,86,88
9335,female,high school,none,34,42,39
4831,male,high school,none,66,77,70
3617,male,some high school,completed,61,56,56
6852,female,high school,completed,56,68,74
1300,male,associate's degree,none,87,85,73
2908,female,some high school,none,55,65,62
5921,male,some high school,none,86,80,75
9232,female,associate's degree,completed,52,66,73
5020,female,master's degree,none,45,56,54
4071,female,some college,none,72,72,71
8758,male,high school,none,57,50,54
4815,male,some high school,none,68,72,64
2373,female,some college,completed,88,95,94
6036,male,some college,none,76,64,66
5353,male,associate's degree,none,46,43,42
3065,female,bachelor's degree,none,67,86,83
2458,male,some high school,none,92,87,78
8642,male,bachelor's degree,completed,83,82,84
7075,male,associate's degree,none,80,75,77
9190,male,bachelor's degree,none,63,66,67
1170,female,some high school,completed,64,60,74
1475,male,some college,none,54,52,51
4629,male,associate's degree,none,84,80,80
6013,male,high school,completed,73,68,66
8231,female,bachelor's degree,none,80,83,83
1185,female,high school,none,56,52,55
6792,male,some college,none,59,51,43
4282,male,some high school,none,75,74,69
3569,male,associate's degree,none,85,76,71
3167,male,associate's degree,none,89,76,74
5831,female,high school,completed,58,70,68
1588,female,high school,none,65,64,62
2190,male,high school,none,68,60,53
5765,male,some high school,completed,47,49,49
7948,female,some college,none,71,83,83
8947,female,some high school,completed,60,70,70
4808,male,master's degree,none,80,80,72
4012,male,high school,none,54,52,52
1422,female,some college,none,62,73,70
9998,female,associate's degree,none,64,73,68
1264,male,associate's degree,completed,78,77,77
7200,female,some college,none,70,75,78
6521,female,master's degree,completed,65,81,81
7919,female,some high school,completed,64,79,77
5384,male,some college,completed,79,79,78
8971,female,some high school,none,44,50,51
9684,female,high school,none,99,93,90
9455,male,high school,none,76,73,68
9453,male,some high school,none,59,42,41
6989,female,bachelor's degree,none,63,75,81
9246,female,high school,none,69,72,77
4726,female,associate's degree,completed,88,92,95
4674,female,some college,none,71,76,70
6106,male,bachelor's degree,none,69,63,61
6937,male,some college,none,58,49,42
6200,female,associate's degree,none,47,53,58
7972,female,some college,none,65,70,71
4371,male,some college,completed,88,85,76
9203,male,bachelor's degree,none,83,78,73
9410,female,some high school,completed,85,92,93
8650,female,high school,completed,59,63,75
4776,female,some high school,none,65,86,80
2191,male,bachelor's degree,none,73,56,57
8730,male,high school,none,53,52,42
7885,male,high school,none,45,48,46
3317,female,bachelor's degree,none,73,79,84
3383,female,some college,completed,70,78,78
7066,female,some high school,none,37,46,46
1548,male,associate's degree,completed,81,82,82
1940,male,associate's degree,completed,97,82,88
9462,female,some high school,none,67,89,82
5025,male,bachelor's degree,none,88,75,76
5470,male,some high school,completed,77,76,77
9856,male,associate's degree,none,76,70,68
8310,male,some high school,none,86,73,70
6060,male,some high school,completed,63,60,57
9139,female,bachelor's degree,none,65,73,75
8359,male,high school,completed,78,77,80
5508,male,associate's degree,none,67,62,60
6925,male,some high school,completed,46,41,43
7773,male,associate's degree,completed,71,74,68
8215,male,high school,completed,40,46,50
1225,male,associate's degree,none,90,87,75
6603,male,some college,completed,81,78,81
3144,male,some high school,none,56,54,52
9441,female,associate's degree,completed,67,84,81
4703,male,associate's degree,none,80,76,64
6654,female,associate's degree,completed,74,75,83
6392,male,some college,none,69,67,69
6987,male,some college,completed,99,87,81
2194,male,some high school,none,51,52,44
3908,female,associate's degree,none,53,71,67
5346,female,high school,none,49,57,52
4581,female,associate's degree,none,73,76,80
2159,male,bachelor's degree,none,66,60,57
1204,male,bachelor's degree,completed,67,61,68
6664,female,associate's degree,completed,68,67,69
9939,female,bachelor's degree,completed,59,64,75
5650,male,high school,none,71,66,65
2731,female,master's degree,completed,77,82,91
9774,male,associate's degree,none,83,72,78
9048,male,bachelor's degree,none,63,71,69
1890,female,associate's degree,none,56,65,63
5820,female,high school,completed,67,79,84
5145,female,high school,none,75,86,79
4167,female,some college,none,71,81,80
2878,female,some high school,none,43,53,53
5066,female,high school,none,41,46,43
8614,female,some college,none,82,90,94
2234,male,some college,none,61,61,62
5300,male,some college,none,28,23,19
5735,male,associate's degree,completed,82,75,77
3204,female,some high school,none,41,55,51
7876,male,high school,none,71,60,61
5927,male,associate's degree,none,47,37,35
2499,male,associate's degree,completed,62,56,53
6875,male,associate's degree,none,90,78,81
9644,female,bachelor's degree,none,83,93,95
1195,female,some college,none,61,68,66
8226,male,some high school,completed,76,70,69
3144,male,associate's degree,none,49,51,43
6770,female,some high school,none,24,38,27
6079,female,some high school,completed,35,55,60
9397,male,high school,none,58,61,52
6458,female,high school,none,61,73,63
3767,female,high school,completed,69,76,74
6002,male,associate's degree,completed,67,72,67
1293,male,some college,none,79,73,67
7144,female,high school,none,72,80,75
7119,male,some college,none,62,61,57
5444,female,bachelor's degree,completed,77,94,95
1916,male,high school,none,75,74,66
3713,male,associate's degree,none,87,74,76
7424,female,bachelor's degree,none,52,65,69
5497,male,some college,none,66,57,52
6172,female,some college,completed,63,78,80
2157,female,associate's degree,none,46,58,57
3176,female,some college,none,59,71,70
9875,female,bachelor's degree,none,61,72,70
1769,male,associate's degree,none,63,61,61
2868,female,some college,completed,42,66,69
5160,male,some college,none,59,62,61
3563,female,some college,none,80,90,89
3900,female,high school,none,58,62,59
9116,male,some high school,completed,85,84,78
5277,female,some college,none,52,58,58
5124,female,some high school,none,27,34,32
3742,male,some college,none,59,60,58
1316,male,bachelor's degree,completed,49,58,60
2421,male,high school,completed,69,58,53
3032,male,bachelor's degree,none,61,66,61
3688,female,some high school,none,44,64,58
9332,female,some high school,none,73,84,85
4374,male,some college,none,84,77,71
2864,female,some college,completed,45,73,70
7746,male,some high school,none,74,74,72
1463,female,some college,completed,82,97,96
3119,female,bachelor's degree,none,59,70,73
9848,male,associate's degree,none,46,43,41
5849,female,some high school,none,80,90,82
9165,female,master's degree,completed,85,95,100
5062,female,some high school,none,71,83,77
4303,male,bachelor's degree,none,66,64,62
9642,female,associate's degree,none,80,86,83
1958,male,associate's degree,completed,87,100,95
5149,male,master's degree,none,79,81,71
1173,female,some high school,none,38,49,45
4775,female,some high school,none,38,43,43
7545,female,some college,none,67,76,75
6404,female,bachelor's degree,none,64,73,70
9015,female,associate's degree,none,57,78,67
5106,female,high school,none,62,64,64
2326,male,master's degree,none,73,70,75
3511,male,some high school,completed,73,67,59
7896,female,some college,none,77,68,77
7357,male,some college,none,76,67,67
1213,male,associate's degree,completed,57,54,56
2044,female,some high school,completed,65,74,77
3759,male,high school,none,48,45,41
8385,female,high school,none,50,67,63
9513,female,associate's degree,none,85,89,95
2300,male,some high school,none,74,63,57
7910,male,some high school,none,60,59,54
9131,female,some high school,completed,59,54,67
2896,male,some college,none,53,43,43
8429,female,some college,none,49,65,55
7220,female,high school,completed,88,99,100
1524,female,high school,none,54,59,62
4347,female,some high school,none,63,73,68
5831,male,associate's degree,completed,65,65,63
5639,female,associate's degree,none,82,80,77
1760,female,high school,completed,52,57,56
3619,male,associate's degree,completed,87,84,85
7154,female,master's degree,completed,70,71,74
1593,male,some college,completed,84,83,78
4093,male,associate's degree,none,71,66,60
7739,male,some high school,completed,63,67,67
4735,female,bachelor's degree,completed,51,72,79
8312,male,high school,none,84,73,69
3588,male,bachelor's degree,completed,71,74,68
2083,male,associate's degree,none,74,73,67
3008,male,some college,none,68,59,62
1335,male,high school,completed,57,56,54
7770,female,associate's degree,completed,82,93,93
6427,female,high school,completed,57,58,64
5566,female,master's degree,completed,47,58,67
4112,female,some high school,completed,59,85,80
1240,male,some college,none,41,39,34
1327,female,some college,none,62,67,62
8702,male,bachelor's degree,none,86,83,86
4680,male,some high school,none,69,71,65
7889,male,some high school,none,65,59,53
8197,male,some high school,none,68,63,54
5863,male,associate's degree,none,64,66,59
9064,female,high school,none,61,72,70
8351,male,high school,none,61,56,55
2496,female,some high school,none,47,59,50
4378,male,some high school,none,73,66,66
8625,male,some college,completed,50,48,53
7162,male,associate's degree,none,75,68,64
1894,male,associate's degree,none,75,66,73
5416,male,high school,none,70,56,51
5269,male,some high school,completed,89,88,82
1403,female,some college,completed,67,81,79
1848,female,high school,none,78,81,80
8494,female,some high school,none,59,73,69
4585,female,associate's degree,none,73,83,76
4112,male,some high school,none,79,82,73
4692,female,some high school,completed,67,74,77
3081,male,some college,none,69,66,60
3156,male,high school,completed,86,81,80
5410,male,high school,none,47,46,42
8495,male,associate's degree,none,81,73,72
3825,female,some college,completed,64,85,85
5959,female,some college,none,100,92,97
9422,female,associate's degree,none,65,77,74
7884,male,some college,none,65,58,49
3621,female,associate's degree,none,53,61,62
1786,male,bachelor's degree,none,37,56,47
9526,female,bachelor's degree,none,79,89,89
7532,male,associate's degree,none,53,54,48
1377,female,bachelor's degree,none,100,100,100
5105,male,high school,completed,72,65,68
4082,male,bachelor's degree,none,53,58,55
8753,male,some college,none,54,54,45
3688,female,some college,none,71,70,76
5922,female,some college,none,77,90,91
9156,male,bachelor's degree,completed,75,58,62
5945,female,some college,none,84,87,91
3553,female,associate's degree,none,26,31,38
4409,male,high school,completed,72,67,65
1703,female,high school,completed,77,88,85
8704,male,some college,none,91,74,76
2957,female,associate's degree,completed,83,85,90
7603,female,high school,none,63,69,74
3380,female,associate's degree,completed,68,86,84
2850,female,some high school,none,59,67,61
6747,female,associate's degree,completed,90,90,91
2964,female,bachelor's degree,completed,71,76,83
4926,male,bachelor's degree,completed,76,62,66
5287,male,associate's degree,none,80,68,72
1504,female,master's degree,none,55,64,70
7180,male,associate's degree,none,76,71,67
5520,male,high school,completed,73,71,68
7467,female,associate's degree,none,52,59,56
2512,male,some college,none,68,68,61
9980,male,high school,none,59,52,46
7252,female,associate's degree,none,49,52,54
6454,male,high school,none,70,74,71
5943,male,some college,none,61,47,56
4899,female,associate's degree,none,60,75,74
8224,male,some high school,completed,64,53,57
8912,male,associate's degree,completed,79,82,82
9936,female,associate's degree,none,65,85,76
6653,female,associate's degree,none,64,64,70
1353,female,some college,none,83,83,90
6666,female,bachelor's degree,none,81,88,90
6710,female,high school,none,54,64,68
5233,male,high school,completed,68,64,66
9059,female,some college,none,54,48,52
1671,female,some college,completed,59,78,76
9709,female,some high school,none,66,69,68
9081,male,some college,none,76,71,72
9215,female,master's degree,none,74,79,82
5795,female,associate's degree,completed,94,87,92
1806,male,some college,none,63,61,54
6383,female,associate's degree,completed,95,89,92
7969,female,master's degree,none,40,59,54
6960,female,some high school,none,82,82,80
9716,male,high school,none,68,70,66
2571,male,bachelor's degree,none,55,59,54
2573,male,master's degree,none,79,78,77
4106,female,bachelor's degree,none,86,92,87
6388,male,some college,none,76,71,73
5695,male,some high school,none,64,50,43
4990,male,some high school,none,62,49,52
2528,female,some high school,completed,54,61,62
3797,female,master's degree,completed,77,97,94
5150,female,some high school,completed,76,87,85
3187,female,some college,none,74,89,84
3935,female,some college,completed,66,74,73
5992,female,some high school,completed,66,78,78
5500,female,high school,completed,67,78,79
7800,male,some college,none,71,49,52
4930,female,associate's degree,none,91,86,84
5398,male,bachelor's degree,none,69,58,57
7124,male,master's degree,none,54,59,50
3619,male,high school,completed,53,52,49
4348,male,some college,none,68,60,59
9594,male,some high school,completed,56,61,60
4735,female,high school,none,36,53,43
8763,female,bachelor's degree,none,29,41,47
5055,female,associate's degree,none,62,74,70
7323,female,associate's degree,completed,68,67,73
3953,female,some high school,none,47,54,53
3876,male,associate's degree,completed,62,61,58
5361,female,associate's degree,completed,79,88,94
7071,male,high school,completed,73,69,68
1389,female,bachelor's degree,completed,66,83,83
2308,male,associate's degree,completed,51,60,58
2101,female,high school,none,51,66,62
2051,male,bachelor's degree,completed,85,66,71
8476,male,associate's degree,completed,97,92,86
4792,male,high school,completed,75,69,68
2805,male,associate's degree,completed,79,82,80
5818,female,associate's degree,none,81,77,79
2878,female,associate's degree,none,82,95,89
5527,female,master's degree,none,64,63,66
5232,male,some high school,completed,78,83,80
4546,female,some high school,completed,92,100,97
2748,male,high school,completed,72,67,64
7488,female,high school,none,62,67,64
1164,male,master's degree,none,79,72,69
4006,male,some high school,none,79,76,65
7743,male,bachelor's degree,completed,87,90,88
1076,female,associate's degree,none,40,48,50
3648,male,some college,none,77,62,64
2098,male,associate's degree,none,53,45,40
8877,female,some college,none,32,39,33
7128,female,associate's degree,completed,55,72,79
6485,male,master's degree,none,61,67,66
7253,female,associate's degree,none,53,70,70
7684,male,some high school,none,73,66,62
6345,female,some college,completed,74,75,79
2691,female,some college,none,63,74,74
9775,male,bachelor's degree,completed,96,90,92
2918,female,some college,completed,63,80,80
8124,male,bachelor's degree,none,48,51,46
8471,male,associate's degree,none,48,43,45
9877,female,bachelor's degree,completed,92,100,100
5933,female,master's degree,completed,61,71,78
3958,male,high school,none,63,48,47
1866,male,bachelor's degree,none,68,68,67
3977,male,some college,completed,71,75,70
7715,male,bachelor's degree,none,91,96,92
6025,female,some college,none,53,62,56
8247,female,high school,completed,50,66,64
2054,female,high school,none,74,81,71
6533,male,associate's degree,completed,40,55,53
3050,male,some college,completed,61,51,52
7824,female,high school,none,81,91,89
9303,female,some college,completed,48,56,58
6676,female,master's degree,none,53,61,68
8564,female,some high school,none,81,97,96
9228,female,some high school,none,77,79,80
5376,female,bachelor's degree,none,63,73,78
1287,female,associate's degree,completed,73,75,80
7370,female,some college,none,69,77,77
8258,female,associate's degree,none,65,76,76
4003,female,high school,none,55,73,73
5078,female,bachelor's degree,none,44,63,62
6827,female,some college,none,54,64,65
6176,female,some high school,none,48,66,65
8871,male,some college,none,58,57,54
9665,male,some high school,none,71,62,50
9273,male,bachelor's degree,none,68,68,64
6167,female,high school,none,74,76,73
9095,female,bachelor's degree,completed,92,100,99
7845,female,bachelor's degree,completed,56,79,72
8397,male,high school,none,30,24,15
7834,male,some high school,none,53,54,48
4574,female,high school,none,69,77,73
4983,female,some high school,none,65,82,81
5282,female,master's degree,none,54,60,63
2214,female,high school,none,29,29,30
2351,female,some college,none,76,78,80
7606,male,high school,none,60,57,51
7649,male,master's degree,completed,84,89,90
5646,male,some high school,none,75,72,62
3342,female,associate's degree,none,85,84,82
5614,female,master's degree,none,40,58,54
3074,female,some college,none,61,64,62
1237,female,associate's degree,none,58,63,65
1742,male,some college,completed,69,60,63
7935,female,some college,none,58,59,66
5223,male,bachelor's degree,completed,94,90,91
8493,female,associate's degree,none,65,77,74
3718,female,associate's degree,none,82,93,93
4531,female,high school,none,60,68,72
3895,female,bachelor's degree,none,37,45,38
9569,male,bachelor's degree,none,88,78,83
9130,male,master's degree,none,95,81,84
4248,male,associate's degree,completed,65,73,68
5203,female,high school,none,35,61,54
1677,male,bachelor's degree,none,62,63,56
8763,male,high school,completed,58,51,52
7760,male,some college,completed,100,96,86
7220,female,bachelor's degree,none,61,58,62
2905,male,some college,completed,100,97,99
3971,male,associate's degree,completed,69,70,63
8041,male,associate's degree,none,61,48,46
3200,male,some college,none,49,57,46
6169,female,some high school,completed,44,51,55
7183,male,some college,none,67,64,70
4348,male,high school,none,79,60,65
7455,female,bachelor's degree,completed,66,74,81
1139,female,high school,none,75,88,85
5753,male,some high school,none,84,84,80
4266,male,high school,none,71,74,64
2250,female,high school,completed,67,80,81
2749,female,some high school,completed,80,92,88
3109,male,some college,none,86,76,74
2008,female,associate's degree,none,76,74,73
5414,male,high school,none,41,52,51
4949,female,associate's degree,completed,74,88,90
5016,female,some high school,none,72,81,79
8894,female,high school,completed,74,79,80
3622,male,high school,none,70,65,60
8865,female,bachelor's degree,completed,65,81,81
1565,female,associate's degree,none,59,70,65
5367,female,high school,none,64,62,68
4474,female,high school,none,50,53,55
7054,female,some college,completed,69,79,81
8416,male,some high school,completed,51,56,53
8311,female,high school,completed,68,80,76
4300,female,some college,completed,85,86,98
9246,female,associate's degree,completed,65,70,74
6434,female,some high school,none,73,79,79
6544,female,some college,none,62,67,67
6686,male,associate's degree,none,77,67,64
1942,male,some high school,none,69,66,61
1496,female,associate's degree,none,43,60,58
4551,male,associate's degree,none,90,87,85
5036,male,some college,none,74,77,73
7911,male,some high school,none,73,66,63
1295,female,some college,none,55,71,69
2232,female,high school,none,65,69,67
8081,male,associate's degree,none,80,63,63
1973,female,some high school,completed,50,60,60
8745,female,some college,completed,63,73,71
7139,female,bachelor's degree,none,77,85,87
1832,male,some college,none,73,74,61
4687,male,associate's degree,completed,81,72,77
4611,female,high school,none,66,76,68
8197,male,associate's degree,none,52,57,50
5581,female,some college,none,69,78,76
4291,female,associate's degree,completed,65,84,84
8294,female,high school,completed,69,77,78
5405,female,some college,completed,50,64,66
6753,female,some college,completed,73,78,76
8476,female,some high school,completed,70,82,76
9653,male,associate's degree,none,81,75,78
2239,male,some college,none,63,61,60
2648,female,high school,none,67,72,74
1013,male,high school,none,60,68,60
6681,male,high school,none,62,55,54
9607,female,some high school,completed,29,40,44
1855,male,some college,completed,62,66,68
3374,female,master's degree,completed,94,99,100
7317,male,some college,completed,85,75,68
4813,male,associate's degree,none,77,78,73
1652,male,high school,none,53,58,44
5303,male,some college,none,93,90,83
8884,female,associate's degree,none,49,53,53
5471,female,associate's degree,none,73,76,78
6227,female,bachelor's degree,completed,66,74,81
4401,female,associate's degree,none,77,77,73
9954,female,some high school,none,49,63,56
9631,female,some college,none,79,89,86
1386,female,associate's degree,completed,75,82,90
8907,female,bachelor's degree,none,59,72,70
2852,female,associate's degree,completed,57,78,79
3934,male,high school,none,66,66,59
2633,female,bachelor's degree,completed,79,81,82
6054,female,some high school,none,57,67,72
6876,male,bachelor's degree,completed,87,84,87
4947,female,some college,none,63,64,67
5263,female,some high school,completed,59,63,64
6102,male,bachelor's degree,none,62,72,65
1526,male,high school,none,46,34,36
3302,male,some college,none,66,59,52
9543,male,high school,none,89,87,79
7291,female,associate's degree,completed,42,61,58
6721,male,some college,completed,93,84,90
4160,female,some high school,completed,80,85,85
4732,female,some college,none,98,100,99
6036,male,master's degree,none,81,81,84
4858,female,some high school,completed,60,70,74
3390,female,associate's degree,completed,76,94,87
9091,male,associate's degree,completed,73,78,72
2043,female,associate's degree,completed,96,96,99
8661,female,high school,none,76,76,74
4247,male,associate's degree,completed,91,73,80
4357,female,some college,none,62,72,70
8938,male,some high school,completed,55,59,59
5132,female,some high school,completed,74,90,88
2650,male,high school,none,50,48,42
9751,male,some college,none,47,43,41
2422,male,some college,completed,81,74,71
5643,female,associate's degree,completed,65,75,77
2796,male,some high school,completed,68,51,57
2911,female,high school,none,73,92,84
9830,male,some college,none,53,39,37
4827,female,associate's degree,completed,68,77,80
7304,male,some high school,none,55,46,43
2669,female,some college,completed,87,89,94
8126,male,some high school,none,55,47,44
6342,female,some college,none,53,58,57
8720,male,master's degree,none,67,57,59
3303,male,associate's degree,none,92,79,84
7030,female,some college,completed,53,66,73
1257,male,associate's degree,none,81,71,73
6372,male,high school,none,61,60,55
9231,male,bachelor's degree,none,80,73,72
3618,female,associate's degree,none,37,57,56
3477,female,high school,none,81,84,82
1118,female,associate's degree,completed,59,73,72
9012,male,some college,none,55,55,47
5764,male,associate's degree,none,72,79,74
2307,male,high school,none,69,75,71
1568,male,some college,none,69,64,68
7908,female,bachelor's degree,none,50,60,59
7644,male,some college,completed,87,84,86
3896,male,some high school,completed,71,69,68
5902,male,some college,none,68,72,65
6332,male,master's degree,completed,79,77,75
1511,female,some high school,completed,77,90,85
7209,male,associate's degree,none,58,55,53
7311,female,associate's degree,none,84,95,92
6843,male,some college,none,55,58,52
1992,male,bachelor's degree,completed,70,68,72
6399,female,some college,completed,52,59,65
4237,male,some college,completed,69,77,77
7792,female,high school,none,53,72,64
2451,female,some high school,none,48,58,54
3119,male,some high school,completed,78,81,86
1923,female,high school,none,62,62,63
5295,male,some college,none,60,63,59
8238,female,high school,none,74,72,72
1687,female,high school,completed,58,75,77
2307,male,high school,completed,76,62,60
3928,female,some high school,none,68,71,75
8375,male,some college,none,58,60,57
4614,male,high school,none,52,48,49
5337,male,bachelor's degree,none,75,73,74
4342,female,some high school,completed,52,67,72
7911,female,bachelor's degree,none,62,78,79
6220,male,some college,none,66,65,60
9277,female,some high school,none,49,58,55
9903,female,high school,none,66,72,70
4962,female,some college,none,35,44,43
5232,female,some college,completed,72,79,82
3647,male,associate's degree,completed,94,85,82
2583,female,associate's degree,none,46,56,57
6511,female,master's degree,none,77,90,84
7355,female,high school,completed,76,85,82
2748,female,associate's degree,completed,52,59,62
7988,male,bachelor's degree,completed,91,81,79
2951,female,some high school,completed,32,51,44
4449,female,some high school,none,72,79,77
4726,female,some college,none,19,38,32
6297,male,associate's degree,none,68,65,61
7455,female,master's degree,none,52,65,61
1876,female,high school,none,48,62,60
1238,female,some college,none,60,66,70
7290,male,high school,none,66,74,69
4455,male,some high school,completed,89,84,77
7104,female,high school,none,42,52,51
4591,female,associate's degree,completed,57,68,73
8991,male,high school,none,70,70,70
5256,female,associate's degree,none,70,84,81
2947,male,some college,none,69,60,54
3933,female,associate's degree,none,52,55,57
3552,male,some high school,completed,67,73,68
7784,male,some high school,completed,76,80,73
6579,female,associate's degree,none,87,94,95
5836,female,some college,none,82,85,87
1938,female,some college,none,73,76,78
5705,male,some college,none,75,81,74
3535,female,some college,none,64,74,75
9742,female,high school,none,41,45,40
3939,male,high school,none,90,75,69
2035,male,bachelor's degree,none,59,54,51
5528,male,some high school,none,51,31,36
7988,male,high school,none,45,47,49
4677,female,master's degree,completed,54,64,67
9544,male,some high school,completed,87,84,76
8598,female,high school,none,72,80,83
6226,male,some high school,completed,94,86,87
8080,female,bachelor's degree,none,45,59,64
8354,male,bachelor's degree,completed,61,70,76
3280,female,high school,none,60,72,68
7861,female,some high school,none,77,91,88
2334,female,some high school,completed,85,90,92
3449,female,bachelor's degree,none,78,90,93
2566,male,some college,completed,49,52,51
6657,female,high school,none,71,87,82
6228,female,some high school,none,48,58,52
1127,male,high school,none,62,67,58
2408,female,associate's degree,completed,56,68,70
7712,female,some high school,none,65,69,76
5389,female,some high school,completed,69,86,81
1855,male,some high school,none,68,54,53
9082,female,some college,none,61,60,57
7642,female,bachelor's degree,completed,74,86,89
3429,male,bachelor's degree,none,64,60,58
6981,female,high school,completed,77,82,89
3949,male,some college,none,58,50,45
4721,female,high school,completed,60,64,74
3573,male,high school,none,73,64,57
3000,female,high school,completed,75,82,79
5392,male,associate's degree,completed,58,57,53
8399,female,associate's degree,none,66,77,73
6106,female,high school,none,39,52,46
6474,male,some high school,none,64,58,51
1537,female,high school,completed,23,44,36
8981,male,some college,completed,74,77,76
5967,female,some high school,completed,40,65,64
9382,male,master's degree,none,90,85,84
9086,male,master's degree,completed,91,85,85
2738,male,high school,none,64,54,50
7345,female,high school,none,59,72,68
2876,male,associate's degree,none,80,75,69
2502,male,master's degree,none,71,67,67
9072,female,high school,none,61,68,63
4185,female,some college,none,87,85,93
8719,male,some high school,none,82,67,61
3725,male,some high school,none,62,64,55
6046,female,bachelor's degree,none,97,97,96
3997,male,some college,none,75,68,65
9600,female,bachelor's degree,none,65,79,81
6185,male,high school,completed,52,49,46
4468,male,associate's degree,none,87,73,72
1173,female,associate's degree,none,53,62,53
5496,female,master's degree,none,81,86,87
5560,male,bachelor's degree,completed,39,42,38
2665,female,some college,completed,71,71,80
5894,male,associate's degree,none,97,93,91
7049,male,some college,completed,82,82,88
9330,male,high school,none,59,53,52
9792,male,associate's degree,none,61,42,41
4448,male,associate's degree,completed,78,74,72
9624,male,associate's degree,none,49,51,51
8746,male,high school,none,59,58,47
2459,female,some college,completed,70,72,76
4704,male,associate's degree,completed,82,84,78
5665,male,associate's degree,none,90,90,82
5931,female,bachelor's degree,none,43,62,61
7537,male,some college,none,80,64,66
7621,male,some college,none,81,82,84
2356,male,some high school,none,57,61,54
2927,female,some high school,none,59,72,80
5510,female,associate's degree,none,64,76,74
1756,male,bachelor's degree,completed,63,64,66
6563,female,bachelor's degree,completed,71,70,70
2927,female,high school,none,64,73,71
7998,male,bachelor's degree,none,55,46,44
3557,female,associate's degree,none,51,51,54
3766,female,associate's degree,completed,62,76,80
7122,female,associate's degree,completed,93,100,95
3830,male,high school,none,54,72,59
9755,female,some college,none,69,65,74
1444,male,high school,none,44,51,48
8902,female,some college,completed,86,85,91
9034,female,associate's degree,none,85,92,85
7001,female,master's degree,none,50,67,73
8656,male,some high school,completed,88,74,75
1488,female,associate's degree,none,59,62,69
4669,female,some high school,none,32,34,38
4327,male,high school,none,36,29,27
2554,female,some high school,completed,63,78,79
7640,male,associate's degree,completed,67,54,63
1143,female,some high school,completed,65,78,82
5044,male,master's degree,none,85,84,89
4737,female,master's degree,none,73,78,74
3262,female,high school,completed,34,48,41
3901,female,bachelor's degree,completed,93,100,100
3009,female,some high school,none,67,84,84
2976,male,some college,none,88,77,77
3693,male,high school,none,57,48,51
9751,female,some college,completed,79,84,91
4028,female,bachelor's degree,none,67,75,72
5022,male,bachelor's degree,completed,70,64,70
4600,male,bachelor's degree,none,50,42,48
4325,female,some college,none,69,84,82
2476,female,bachelor's degree,completed,52,61,66
3616,female,bachelor's degree,completed,47,62,66
8805,female,associate's degree,none,46,61,55
8458,female,some college,none,68,70,66
3178,male,bachelor's degree,completed,100,100,100
6054,female,high school,none,44,61,52
3438,female,associate's degree,completed,57,77,80
4276,male,some college,completed,91,96,91
4113,male,high school,none,69,70,67
4167,female,high school,none,35,53,46
5099,male,high school,none,72,66,66
9054,female,associate's degree,none,54,65,65
1632,male,high school,none,74,70,69
5645,male,some high school,completed,74,64,60
1721,male,associate's degree,none,64,56,52
3743,female,high school,completed,65,61,71
8064,male,associate's degree,completed,46,43,44
2164,female,some high school,none,48,56,51
5451,male,some college,completed,67,74,70
9609,male,some college,none,62,57,62
4463,male,associate's degree,completed,61,71,73
1703,male,bachelor's degree,completed,70,75,74
4140,male,associate's degree,completed,98,87,90
3758,male,some college,none,70,63,58
9873,male,associate's degree,none,67,57,53
2983,female,high school,none,57,58,57
6869,male,some college,completed,85,81,85
3647,male,some high school,completed,77,68,69
2339,male,master's degree,completed,72,66,72
4224,female,master's degree,none,78,91,96
4954,male,high school,none,81,66,64
3529,male,some high school,completed,61,62,61
5343,female,high school,none,58,68,61
7281,female,associate's degree,none,54,61,58
9691,male,high school,none,82,82,80
4441,female,some college,none,49,58,60
6714,male,some high school,completed,49,50,52
4570,female,high school,completed,57,75,73
1139,male,high school,none,94,73,71
3080,female,some college,completed,75,77,83
4418,female,some high school,none,74,74,72
8288,male,high school,completed,58,52,54
7375,female,some college,none,62,69,69
3003,male,associate's degree,none,72,57,62
4907,male,some college,none,84,87,81
5649,female,master's degree,none,92,100,100
3366,female,high school,none,45,63,59
4013,male,high school,none,75,81,71
4953,female,some college,none,56,58,64
3178,female,some high school,none,48,54,53
7842,female,associate's degree,none,100,100,100
9449,female,some high school,completed,65,76,75
2921,male,some college,none,72,57,58
5738,female,some college,none,62,70,72
1976,male,some high school,completed,66,68,64
8021,male,some college,none,63,63,60
3607,female,associate's degree,none,68,76,67
9305,female,bachelor's degree,none,75,84,80
5725,female,bachelor's degree,none,89,100,100
2062,male,some high school,completed,78,72,69
7684,female,high school,completed,53,50,60
5367,female,some college,none,49,65,61
7819,female,some college,none,54,63,67
6677,female,some college,completed,64,82,77
6640,male,some college,completed,60,62,60
3931,male,associate's degree,none,62,65,58
2554,male,high school,completed,55,41,48
9374,female,associate's degree,none,91,95,94
8134,female,high school,none,8,24,23
3532,male,some high school,none,81,78,78
4412,male,some high school,completed,79,85,86
3033,female,some college,completed,78,87,91
2700,female,some high school,none,74,75,82
6655,male,high school,none,57,51,54
6464,female,associate's degree,none,40,59,51
6050,male,some high school,completed,81,75,76
8644,female,some high school,none,44,45,45
2310,female,some college,completed,67,86,83
2319,male,high school,completed,86,81,75
9996,female,some high school,completed,65,82,78
3996,female,associate's degree,none,55,76,76
1476,female,bachelor's degree,none,62,72,74
2885,male,high school,none,63,63,62
5785,female,master's degree,completed,88,99,95
5557,male,high school,none,62,55,55
4372,female,high school,completed,59,71,65
1734,female,some college,completed,68,78,77
6084,female,some college,none,77,86,86
